docket,dept
22CS00058A,BAFCONP
22CS00059A,BAFCONP
20CP00166A,POLICE
20CP00167A,POLICE
20CP005520,POLICE
20CP007989,POLICE
20CP008001,POLICE
20CP008002,POLICE
20CP008450,POLICE
20CP008508,POLICE
20CP012097,POLICE
20CP012098,POLICE
20CP012099,POLICE
20CP012141,POLICE
21CP001043,POLICE
21CP002213,POLICE
21CP002214,POLICE
21CP002398,POLICE
22CP000622,POLICE
22CP000767,POLICE
22CP001080,POLICE
22CP001430,POLICE
22CP001431,POLICE
22CP001604,POLICE
22CP001691,POLICE
22CP001810,POLICE
22CS000494,POLICE
19DS68300L,STRTSAN
19DS69216L,STRTSAN
19DS70010L,STRTSAN
19DS72153L,STRTSAN
19DS72160L,STRTSAN
19DS72172L,STRTSAN
19DS72178L,STRTSAN
19DS72191L,STRTSAN
19DS72200L,STRTSAN
19DS72216L,STRTSAN
19DS72224L,STRTSAN
19DS72255L,STRTSAN
19DS72301L,STRTSAN
19DS72310L,STRTSAN
19DS72311L,STRTSAN
19DS72319L,STRTSAN
19DS72378L,STRTSAN
19DS72388L,STRTSAN
19DS72428L,STRTSAN
19DS72434L,STRTSAN
19DS72474L,STRTSAN
19DS72505L,STRTSAN
20DS72557L,STRTSAN
20DS72598L,STRTSAN
20DS72639L,STRTSAN
20DS72695L,STRTSAN
20DS72765L,STRTSAN
20DS72805L,STRTSAN
20DS72942L,STRTSAN
20DS73439L,STRTSAN
20DS73674L,STRTSAN
20DS73871L,STRTSAN
20DS74442L,STRTSAN
20DS74580L,STRTSAN
20DS74596L,STRTSAN
20DS74649L,STRTSAN
20DS75523L,STRTSAN
20DS75556L,STRTSAN
20DS75558L,STRTSAN
20DS75561L,STRTSAN
20DS75580L,STRTSAN
20DS75583L,STRTSAN
20DS75589L,STRTSAN
20DS75592L,STRTSAN
20DS75602L,STRTSAN
20DS75603L,STRTSAN
20DS75628L,STRTSAN
20DS75640L,STRTSAN
20DS75650L,STRTSAN
20DS75688L,STRTSAN
20DS75693L,STRTSAN
20DS75718L,STRTSAN
20DS75730L,STRTSAN
20DS75740L,STRTSAN
20DS75749L,STRTSAN
20DS75771L,STRTSAN
20DS75772L,STRTSAN
20DS75787L,STRTSAN
20DS75789L,STRTSAN
20DS75792L,STRTSAN
20DS75798L,STRTSAN
20DS75804L,STRTSAN
20DS75836L,STRTSAN
20DS75837L,STRTSAN
20DS75850L,STRTSAN
20DS75858L,STRTSAN
20DS75863L,STRTSAN
20DS75868L,STRTSAN
20DS75870L,STRTSAN
20DS75871L,STRTSAN
20DS75874L,STRTSAN
20DS75875L,STRTSAN
20DS75876L,STRTSAN
20DS75880L,STRTSAN
20DS75886L,STRTSAN
20DS75889L,STRTSAN
20DS75906L,STRTSAN
20DS75908L,STRTSAN
20DS75909L,STRTSAN
20DS75914L,STRTSAN
20DS75916L,STRTSAN
20DS75919L,STRTSAN
20DS75920L,STRTSAN
20DS75927L,STRTSAN
20DS75933L,STRTSAN
20DS75935L,STRTSAN
20DS75936L,STRTSAN
20DS75940L,STRTSAN
20DS75941L,STRTSAN
20DS75943L,STRTSAN
20DS75946L,STRTSAN
20DS75950L,STRTSAN
20DS75953L,STRTSAN
20DS75956L,STRTSAN
20DS75957L,STRTSAN
20DS75964L,STRTSAN
20DS75965L,STRTSAN
20DS75969L,STRTSAN
20DS75973L,STRTSAN
20DS75976L,STRTSAN
20DS75978L,STRTSAN
20DS75979L,STRTSAN
20DS75981L,STRTSAN
20DS75985L,STRTSAN
20DS75986L,STRTSAN
20DS75992L,STRTSAN
20DS75994L,STRTSAN
20DS75995L,STRTSAN
20DS76000L,STRTSAN
20DS76001L,STRTSAN
20DS76007L,STRTSAN
20DS76024L,STRTSAN
20DS76026L,STRTSAN
20DS76027L,STRTSAN
20DS76031L,STRTSAN
20DS76032L,STRTSAN
20DS76051L,STRTSAN
20DS76052L,STRTSAN
20DS76055L,STRTSAN
20DS76064L,STRTSAN
20DS76065L,STRTSAN
20DS76077L,STRTSAN
20DS76079L,STRTSAN
20DS76087L,STRTSAN
20DS76094L,STRTSAN
20DS76115L,STRTSAN
20DS76120L,STRTSAN
20DS76122L,STRTSAN
20DS76124L,STRTSAN
20DS76128L,STRTSAN
20DS76129L,STRTSAN
20DS76133L,STRTSAN
20DS76139L,STRTSAN
20DS76159L,STRTSAN
20DS76168L,STRTSAN
20DS76169L,STRTSAN
20DS76173L,STRTSAN
20DS76178L,STRTSAN
20DS76186L,STRTSAN
20DS76199L,STRTSAN
20DS76201L,STRTSAN
20DS76208L,STRTSAN
20DS76210L,STRTSAN
20DS76212L,STRTSAN
20DS76218L,STRTSAN
20DS76224L,STRTSAN
20DS76242L,STRTSAN
20DS76255L,STRTSAN
20DS76268L,STRTSAN
20DS76293L,STRTSAN
20DS76304L,STRTSAN
20DS76329L,STRTSAN
20DS76337L,STRTSAN
20DS76344L,STRTSAN
20DS76449L,STRTSAN
20DS76635L,STRTSAN
20DS76679L,STRTSAN
20DS76774L,STRTSAN
20DS76779L,STRTSAN
20DS76790L,STRTSAN
20DS77078L,STRTSAN
20DS77140L,STRTSAN
20DS77340L,STRTSAN
20DS77372L,STRTSAN
20DS77386L,STRTSAN
20DS77441L,STRTSAN
20DS77477L,STRTSAN
20DS77693L,STRTSAN
20DS77695L,STRTSAN
20DS77717L,STRTSAN
20DS77767L,STRTSAN
20DS77795L,STRTSAN
20DS77811L,STRTSAN
20DS78298L,STRTSAN
20DS78417L,STRTSAN
20DS78494L,STRTSAN
20DS78578L,STRTSAN
20DS78645L,STRTSAN
20DS78649L,STRTSAN
20DS78654L,STRTSAN
20DS78668L,STRTSAN
20DS78676L,STRTSAN
20DS79222L,STRTSAN
21DS18451M,STRTSAN
21DS19106M,STRTSAN
21DS19144M,STRTSAN
21DS19247M,STRTSAN
21DS19295M,STRTSAN
21DS19296M,STRTSAN
21DS19297M,STRTSAN
21DS19320M,STRTSAN
21DS19324M,STRTSAN
21DS19325M,STRTSAN
21DS19326M,STRTSAN
21DS19327M,STRTSAN
21DS19329M,STRTSAN
21DS19330M,STRTSAN
21DS19331M,STRTSAN
21DS19332M,STRTSAN
21DS19333M,STRTSAN
21DS19335M,STRTSAN
21DS19415M,STRTSAN
21DS19793M,STRTSAN
21DS19935M,STRTSAN
21DS19964M,STRTSAN
21DS19965M,STRTSAN
21DS20180M,STRTSAN
21DS20206M,STRTSAN
21DS20227M,STRTSAN
21DS20234M,STRTSAN
21DS20236M,STRTSAN
21DS20241M,STRTSAN
21DS20252M,STRTSAN
21DS20255M,STRTSAN
21DS20257M,STRTSAN
21DS20258M,STRTSAN
21DS20260M,STRTSAN
21DS20262M,STRTSAN
21DS20267M,STRTSAN
21DS20279M,STRTSAN
21DS20281M,STRTSAN
21DS20291M,STRTSAN
21DS20295M,STRTSAN
21DS20313M,STRTSAN
21DS20339M,STRTSAN
21DS20379M,STRTSAN
21DS20384M,STRTSAN
21DS20400M,STRTSAN
21DS20483M,STRTSAN
21DS20484M,STRTSAN
21DS20485M,STRTSAN
21DS20487M,STRTSAN
21DS20489M,STRTSAN
21DS20509M,STRTSAN
21DS20518M,STRTSAN
21DS20541M,STRTSAN
21DS20544M,STRTSAN
21DS20545M,STRTSAN
21DS20596M,STRTSAN
21DS20599M,STRTSAN
21DS20610M,STRTSAN
21DS20615M,STRTSAN
21DS20633M,STRTSAN
21DS20635M,STRTSAN
21DS20651M,STRTSAN
21DS20661M,STRTSAN
21DS20676M,STRTSAN
21DS20685M,STRTSAN
21DS20686M,STRTSAN
21DS20687M,STRTSAN
21DS20688M,STRTSAN
21DS20689M,STRTSAN
21DS20690M,STRTSAN
21DS20691M,STRTSAN
21DS20692M,STRTSAN
21DS20693M,STRTSAN
21DS20694M,STRTSAN
21DS20699M,STRTSAN
21DS20719M,STRTSAN
21DS20723M,STRTSAN
21DS20730M,STRTSAN
21DS20733M,STRTSAN
21DS20734M,STRTSAN
21DS20741M,STRTSAN
21DS20750M,STRTSAN
21DS20759M,STRTSAN
21DS20784M,STRTSAN
21DS20792M,STRTSAN
21DS20793M,STRTSAN
21DS20799M,STRTSAN
21DS20801M,STRTSAN
21DS20805M,STRTSAN
21DS20811M,STRTSAN
21DS20821M,STRTSAN
21DS20826M,STRTSAN
21DS47172M,STRTSAN
22DS02242M,STRTSAN
22DS02244M,STRTSAN
22DS02245M,STRTSAN
22DS02285M,STRTSAN
22DS02286M,STRTSAN
22DS02287M,STRTSAN
22DS02288M,STRTSAN
22DS02291M,STRTSAN
22DS02294M,STRTSAN
22DS02589M,STRTSAN
22DS02592M,STRTSAN
22DS02593M,STRTSAN
22DS02604M,STRTSAN
22DS02610M,STRTSAN
22DS02616M,STRTSAN
22DS02618M,STRTSAN
22DS02619M,STRTSAN
22DS02628M,STRTSAN
22DS02629M,STRTSAN
22DS02631M,STRTSAN
22DS02652M,STRTSAN
22DS02658M,STRTSAN
22DS02681M,STRTSAN
22DS02761M,STRTSAN
22DS03137M,STRTSAN
22DS03368M,STRTSAN
22DS03373M,STRTSAN
22DS03381M,STRTSAN
22DS03391M,STRTSAN
22DS03396M,STRTSAN
22DS03398M,STRTSAN
22DS03402M,STRTSAN
22DS03406M,STRTSAN
22DS03407M,STRTSAN
22DS03408M,STRTSAN
22DS03409M,STRTSAN
22DS03410M,STRTSAN
22DS03411M,STRTSAN
22DS03412M,STRTSAN
22DS03413M,STRTSAN
22DS03414M,STRTSAN
22DS03415M,STRTSAN
22DS03416M,STRTSAN
22DS03417M,STRTSAN
22DS03418M,STRTSAN
22DS03421M,STRTSAN
22DS03422M,STRTSAN
22DS03423M,STRTSAN
22DS03424M,STRTSAN
22DS03425M,STRTSAN
22DS03426M,STRTSAN
22DS03427M,STRTSAN
22DS03433M,STRTSAN
22DS03446M,STRTSAN
22DS03486M,STRTSAN
22DS03505M,STRTSAN
22DS03527M,STRTSAN
22DS03535M,STRTSAN
22DS03542M,STRTSAN
22DS03558M,STRTSAN
22DS03559M,STRTSAN
22DS03560M,STRTSAN
22DS03561M,STRTSAN
22DS03576M,STRTSAN
22DS03577M,STRTSAN
22DS03580M,STRTSAN
22DS03583M,STRTSAN
22DS03602M,STRTSAN
22DS03614M,STRTSAN
22DS03683M,STRTSAN
22DS03685M,STRTSAN
22DS03688M,STRTSAN
22DS03727M,STRTSAN
22DS03741M,STRTSAN
22DS03749M,STRTSAN
22DS03757M,STRTSAN
22DS03835M,STRTSAN
22DS03841M,STRTSAN
22DS03843M,STRTSAN
22DS03847M,STRTSAN
22DS03857M,STRTSAN
22DS03862M,STRTSAN
22DS03899M,STRTSAN
22DS03906M,STRTSAN
22DS03916M,STRTSAN
22DS03954M,STRTSAN
22DS03968M,STRTSAN
22DS04067M,STRTSAN
22DS04072M,STRTSAN
22DS04080M,STRTSAN
22DS04082M,STRTSAN
22DS04086M,STRTSAN
22DS04087M,STRTSAN
22DS04088M,STRTSAN
22DS04089M,STRTSAN
22DS04092M,STRTSAN
22DS04094M,STRTSAN
22DS04095M,STRTSAN
22DS04123M,STRTSAN
22DS04127M,STRTSAN
22DS04129M,STRTSAN
22DS04135M,STRTSAN
22DS04136M,STRTSAN
22DS04145M,STRTSAN
22DS04146M,STRTSAN
22DS04149M,STRTSAN
22DS04150M,STRTSAN
22DS04151M,STRTSAN
22DS04152M,STRTSAN
22DS04153M,STRTSAN
22DS04154M,STRTSAN
22DS04156M,STRTSAN
22DS04157M,STRTSAN
22DS04158M,STRTSAN
22DS04159M,STRTSAN
22DS04160M,STRTSAN
22DS04161M,STRTSAN
22DS04162M,STRTSAN
22DS04163M,STRTSAN
22DS04164M,STRTSAN
22DS04165M,STRTSAN
22DS04166M,STRTSAN
22DS04167M,STRTSAN
22DS04170M,STRTSAN
22DS04172M,STRTSAN
22DS04174M,STRTSAN
22DS04176M,STRTSAN
22DS04178M,STRTSAN
22DS04179M,STRTSAN
22DS04186M,STRTSAN
22DS04188M,STRTSAN
22DS04189M,STRTSAN
22DS04190M,STRTSAN
22DS04191M,STRTSAN
22DS04192M,STRTSAN
22DS04194M,STRTSAN
22DS04197M,STRTSAN
22DS04202M,STRTSAN
22DS04209M,STRTSAN
22DS04210M,STRTSAN
22DS04211M,STRTSAN
22DS04216M,STRTSAN
22DS04220M,STRTSAN
22DS04221M,STRTSAN
22DS04225M,STRTSAN
22DS04227M,STRTSAN
22DS04229M,STRTSAN
22DS04234M,STRTSAN
22DS04235M,STRTSAN
22DS04238M,STRTSAN
22DS04239M,STRTSAN
22DS04241M,STRTSAN
22DS04242M,STRTSAN
22DS04244M,STRTSAN
22DS04246M,STRTSAN
22DS04247M,STRTSAN
22DS04249M,STRTSAN
22DS04250M,STRTSAN
22DS04251M,STRTSAN
22DS04252M,STRTSAN
22DS04253M,STRTSAN
22DS04254M,STRTSAN
22DS04258M,STRTSAN
22DS04259M,STRTSAN
22DS04272M,STRTSAN
22DS04274M,STRTSAN
22DS04276M,STRTSAN
22DS04277M,STRTSAN
22DS04278M,STRTSAN
22DS04279M,STRTSAN
22DS04280M,STRTSAN
22DS04281M,STRTSAN
22DS04282M,STRTSAN
22DS04283M,STRTSAN
22DS04284M,STRTSAN
22DS04289M,STRTSAN
22DS04293M,STRTSAN
22DS04294M,STRTSAN
22DS04295M,STRTSAN
22DS04297M,STRTSAN
22DS04298M,STRTSAN
22DS04299M,STRTSAN
22DS04300M,STRTSAN
22DS04301M,STRTSAN
22DS04303M,STRTSAN
22DS04335M,STRTSAN
22DS04345M,STRTSAN
22DS04355M,STRTSAN
22DS04357M,STRTSAN
22DS04368M,STRTSAN
22DS04370M,STRTSAN
22DS04371M,STRTSAN
22DS04377M,STRTSAN
22DS04393M,STRTSAN
22DS04400M,STRTSAN
22DS04401M,STRTSAN
22DS04410M,STRTSAN
22DS04411M,STRTSAN
22DS04428M,STRTSAN
22DS04527M,STRTSAN
22DS04583M,STRTSAN
22DS04587M,STRTSAN
22DS04683M,STRTSAN
22DS04692M,STRTSAN
22DS04795M,STRTSAN
22DS05033M,STRTSAN
22DS05749M,STRTSAN
23DS04367M,STRTSAN
23DS09560M,STRTSAN
23DS09565M,STRTSAN
23DS10124M,STRTSAN
23DS11895M,STRTSAN
23DS12223M,STRTSAN
23DS12463M,STRTSAN
23DS12474M,STRTSAN
23DS12476M,STRTSAN
23DS12477M,STRTSAN
23DS13066M,STRTSAN
23DS13127M,STRTSAN
23DS13151M,STRTSAN
23DS13237M,STRTSAN
19DT005697,TRANPORT
19DT005705,TRANPORT
19DT005779,TRANPORT
19DT005780,TRANPORT
19DT005783,TRANPORT
19DT005784,TRANPORT
19DT005833,TRANPORT
19DT005843,TRANPORT
19DT005847,TRANPORT
19DT005901,TRANPORT
19DT006012,TRANPORT
19DT006043,TRANPORT
19DT006077,TRANPORT
20DT000269,TRANPORT
20DT000415,TRANPORT
20DT000416,TRANPORT
20DT000417,TRANPORT
20DT000436,TRANPORT
20DT000437,TRANPORT
20DT000438,TRANPORT
20DT000439,TRANPORT
20DT000440,TRANPORT
20DT000460,TRANPORT
20DT000461,TRANPORT
20DT000475,TRANPORT
20DT000476,TRANPORT
20DT000490,TRANPORT
20DT000491,TRANPORT
20DT000492,TRANPORT
20DT000493,TRANPORT
20DT000495,TRANPORT
20DT000496,TRANPORT
20DT000497,TRANPORT
20DT000498,TRANPORT
20DT000501,TRANPORT
20DT000502,TRANPORT
20DT000506,TRANPORT
20DT000507,TRANPORT
20DT000509,TRANPORT
20DT000510,TRANPORT
20DT000511,TRANPORT
20DT000512,TRANPORT
20DT000513,TRANPORT
20DT000518,TRANPORT
20DT000521,TRANPORT
20DT000522,TRANPORT
20DT000523,TRANPORT
20DT000526,TRANPORT
20DT000527,TRANPORT
20DT000529,TRANPORT
20DT000530,TRANPORT
20DT000531,TRANPORT
20DT000532,TRANPORT
20DT000565,TRANPORT
20DT000566,TRANPORT
20DT000568,TRANPORT
20DT000569,TRANPORT
20DT000570,TRANPORT
20DT000571,TRANPORT
20DT000576,TRANPORT
20DT000577,TRANPORT
20DT000582,TRANPORT
20DT000584,TRANPORT
20DT000587,TRANPORT
20DT000588,TRANPORT
20DT000589,TRANPORT
20DT000654,TRANPORT
20DT000689,TRANPORT
20DT000693,TRANPORT
20DT000694,TRANPORT
20DT000695,TRANPORT
20DT000696,TRANPORT
20DT000779,TRANPORT
20DT000786,TRANPORT
20DT000793,TRANPORT
20DT000799,TRANPORT
20DT000836,TRANPORT
20DT000839,TRANPORT
20DT000840,TRANPORT
20DT000843,TRANPORT
20DT000844,TRANPORT
20DT000845,TRANPORT
20DT000848,TRANPORT
20DT000849,TRANPORT
20DT000850,TRANPORT
20DT000851,TRANPORT
20DT000855,TRANPORT
20DT000856,TRANPORT
20DT000857,TRANPORT
20DT000858,TRANPORT
20DT000863,TRANPORT
20DT000864,TRANPORT
20DT000865,TRANPORT
20DT000866,TRANPORT
20DT000867,TRANPORT
20DT000868,TRANPORT
20DT000869,TRANPORT
20DT000874,TRANPORT
20DT000880,TRANPORT
20DT000881,TRANPORT
20DT000885,TRANPORT
20DT000886,TRANPORT
20DT000902,TRANPORT
20DT000917,TRANPORT
20DT000918,TRANPORT
20DT000919,TRANPORT
20DT000920,TRANPORT
20DT000923,TRANPORT
20DT000951,TRANPORT
20DT001010,TRANPORT
20DT001011,TRANPORT
20DT001013,TRANPORT
20DT001027,TRANPORT
20DT001028,TRANPORT
20DT001035,TRANPORT
20DT001036,TRANPORT
20DT001037,TRANPORT
20DT001039,TRANPORT
20DT001040,TRANPORT
20DT001041,TRANPORT
20DT001046,TRANPORT
20DT001078,TRANPORT
20DT001079,TRANPORT
20DT001080,TRANPORT
20DT001082,TRANPORT
20DT001102,TRANPORT
20DT001104,TRANPORT
20DT001105,TRANPORT
20DT001111,TRANPORT
20DT001113,TRANPORT
20DT001118,TRANPORT
20DT001119,TRANPORT
20DT001152,TRANPORT
20DT001183,TRANPORT
20DT001237,TRANPORT
20DT001252,TRANPORT
20DT001286,TRANPORT
20DT001336,TRANPORT
20DT001445,TRANPORT
20DT001446,TRANPORT
20DT001449,TRANPORT
20DT001491,TRANPORT
20DT001518,TRANPORT
20DT001519,TRANPORT
20DT001520,TRANPORT
20DT001521,TRANPORT
20DT001522,TRANPORT
20DT001523,TRANPORT
20DT001524,TRANPORT
20DT001525,TRANPORT
20DT001526,TRANPORT
20DT001631,TRANPORT
20DT001651,TRANPORT
20DT001652,TRANPORT
20DT001654,TRANPORT
20DT001655,TRANPORT
20DT001656,TRANPORT
20DT001657,TRANPORT
20DT001658,TRANPORT
20DT001659,TRANPORT
20DT001895,TRANPORT
20DT003874,TRANPORT
20DT004074,TRANPORT
21DT00012A,TRANPORT
21DT000171,TRANPORT
21DT00018A,TRANPORT
21DT00020A,TRANPORT
21DT00021A,TRANPORT
21DT00022A,TRANPORT
21DT000231,TRANPORT
21DT00023A,TRANPORT
21DT00024A,TRANPORT
21DT00025A,TRANPORT
21DT00026A,TRANPORT
21DT00027A,TRANPORT
21DT00028A,TRANPORT
21DT00029A,TRANPORT
21DT00030A,TRANPORT
21DT00031A,TRANPORT
21DT000329,TRANPORT
21DT00032A,TRANPORT
21DT000330,TRANPORT
21DT000331,TRANPORT
21DT000332,TRANPORT
21DT000333,TRANPORT
21DT000334,TRANPORT
21DT000335,TRANPORT
21DT000338,TRANPORT
21DT000339,TRANPORT
21DT00033A,TRANPORT
21DT000340,TRANPORT
21DT000341,TRANPORT
21DT000342,TRANPORT
21DT000345,TRANPORT
21DT000346,TRANPORT
21DT00034A,TRANPORT
21DT000366,TRANPORT
21DT000367,TRANPORT
21DT000368,TRANPORT
21DT000369,TRANPORT
21DT000370,TRANPORT
21DT000371,TRANPORT
21DT000372,TRANPORT
21DT000373,TRANPORT
21DT000374,TRANPORT
21DT000375,TRANPORT
21DT000376,TRANPORT
21DT000377,TRANPORT
21DT000378,TRANPORT
21DT000379,TRANPORT
21DT000380,TRANPORT
21DT000381,TRANPORT
21DT000383,TRANPORT
21DT000384,TRANPORT
21DT000385,TRANPORT
21DT000389,TRANPORT
21DT000390,TRANPORT
21DT000392,TRANPORT
21DT000393,TRANPORT
21DT000440,TRANPORT
21DT000459,TRANPORT
21DT000460,TRANPORT
21DT000463,TRANPORT
21DT000464,TRANPORT
21DT000465,TRANPORT
21DT000466,TRANPORT
21DT000467,TRANPORT
21DT000468,TRANPORT
21DT000469,TRANPORT
21DT000470,TRANPORT
21DT000471,TRANPORT
21DT000472,TRANPORT
21DT000473,TRANPORT
21DT000474,TRANPORT
21DT000475,TRANPORT
21DT000476,TRANPORT
21DT000477,TRANPORT
21DT000478,TRANPORT
21DT000479,TRANPORT
21DT000480,TRANPORT
21DT000482,TRANPORT
21DT000483,TRANPORT
21DT000484,TRANPORT
21DT000485,TRANPORT
21DT000486,TRANPORT
21DT000488,TRANPORT
21DT000489,TRANPORT
21DT000490,TRANPORT
21DT000491,TRANPORT
21DT000492,TRANPORT
21DT000493,TRANPORT
21DT000494,TRANPORT
21DT000495,TRANPORT
21DT000496,TRANPORT
21DT000497,TRANPORT
21DT000499,TRANPORT
21DT000500,TRANPORT
21DT000501,TRANPORT
21DT000502,TRANPORT
21DT000503,TRANPORT
21DT000504,TRANPORT
21DT000505,TRANPORT
21DT000506,TRANPORT
21DT000507,TRANPORT
21DT000509,TRANPORT
21DT000510,TRANPORT
21DT000511,TRANPORT
21DT000512,TRANPORT
21DT000513,TRANPORT
21DT000514,TRANPORT
21DT000515,TRANPORT
21DT000516,TRANPORT
21DT000517,TRANPORT
21DT000518,TRANPORT
21DT000519,TRANPORT
21DT000520,TRANPORT
21DT000521,TRANPORT
21DT000522,TRANPORT
21DT000523,TRANPORT
21DT000524,TRANPORT
21DT000525,TRANPORT
21DT000526,TRANPORT
21DT000527,TRANPORT
21DT000528,TRANPORT
21DT000529,TRANPORT
21DT000530,TRANPORT
21DT000531,TRANPORT
21DT000532,TRANPORT
21DT000533,TRANPORT
21DT000534,TRANPORT
21DT000535,TRANPORT
21DT000536,TRANPORT
21DT000537,TRANPORT
21DT000538,TRANPORT
21DT000539,TRANPORT
21DT000540,TRANPORT
21DT000541,TRANPORT
21DT000542,TRANPORT
21DT000543,TRANPORT
21DT000545,TRANPORT
21DT000546,TRANPORT
21DT000547,TRANPORT
21DT000548,TRANPORT
21DT000549,TRANPORT
21DT000550,TRANPORT
21DT000551,TRANPORT
21DT000552,TRANPORT
21DT000553,TRANPORT
21DT000554,TRANPORT
21DT000555,TRANPORT
21DT000556,TRANPORT
21DT000557,TRANPORT
21DT000558,TRANPORT
21DT000559,TRANPORT
21DT000560,TRANPORT
21DT000561,TRANPORT
21DT000563,TRANPORT
21DT000564,TRANPORT
21DT000565,TRANPORT
21DT000566,TRANPORT
21DT000567,TRANPORT
21DT000568,TRANPORT
21DT000569,TRANPORT
21DT000570,TRANPORT
21DT000571,TRANPORT
21DT000572,TRANPORT
21DT000573,TRANPORT
21DT000574,TRANPORT
21DT000575,TRANPORT
21DT000576,TRANPORT
21DT000577,TRANPORT
21DT000578,TRANPORT
21DT000579,TRANPORT
21DT000580,TRANPORT
21DT000581,TRANPORT
21DT000582,TRANPORT
21DT000583,TRANPORT
21DT000584,TRANPORT
21DT000585,TRANPORT
21DT000586,TRANPORT
21DT000587,TRANPORT
21DT000588,TRANPORT
21DT000589,TRANPORT
21DT000591,TRANPORT
21DT000592,TRANPORT
21DT000593,TRANPORT
21DT000594,TRANPORT
21DT000595,TRANPORT
21DT000596,TRANPORT
21DT000597,TRANPORT
21DT000598,TRANPORT
21DT000599,TRANPORT
21DT000600,TRANPORT
21DT000601,TRANPORT
21DT000602,TRANPORT
21DT000603,TRANPORT
21DT000604,TRANPORT
21DT000605,TRANPORT
21DT000606,TRANPORT
21DT000607,TRANPORT
21DT000608,TRANPORT
21DT000609,TRANPORT
21DT000610,TRANPORT
21DT000611,TRANPORT
21DT000613,TRANPORT
21DT000614,TRANPORT
21DT000615,TRANPORT
21DT000616,TRANPORT
21DT000617,TRANPORT
21DT000618,TRANPORT
21DT000619,TRANPORT
21DT000620,TRANPORT
21DT000621,TRANPORT
21DT000622,TRANPORT
21DT000623,TRANPORT
21DT000624,TRANPORT
21DT000625,TRANPORT
21DT000626,TRANPORT
21DT000627,TRANPORT
21DT000628,TRANPORT
21DT000629,TRANPORT
21DT000630,TRANPORT
21DT000631,TRANPORT
21DT000632,TRANPORT
21DT000633,TRANPORT
21DT000634,TRANPORT
21DT000635,TRANPORT
21DT000636,TRANPORT
21DT000637,TRANPORT
21DT000638,TRANPORT
21DT000657,TRANPORT
21DT000658,TRANPORT
21DT000659,TRANPORT
21DT000661,TRANPORT
21DT000662,TRANPORT
21DT000664,TRANPORT
21DT000672,TRANPORT
21DT000677,TRANPORT
21DT000678,TRANPORT
21DT000680,TRANPORT
21DT000681,TRANPORT
21DT000682,TRANPORT
21DT000683,TRANPORT
21DT000685,TRANPORT
21DT000686,TRANPORT
21DT000687,TRANPORT
21DT000688,TRANPORT
21DT000689,TRANPORT
21DT000690,TRANPORT
21DT000691,TRANPORT
21DT000692,TRANPORT
21DT000693,TRANPORT
21DT000695,TRANPORT
21DT000696,TRANPORT
21DT000697,TRANPORT
21DT000698,TRANPORT
21DT000699,TRANPORT
21DT000700,TRANPORT
21DT000702,TRANPORT
21DT000703,TRANPORT
21DT000704,TRANPORT
21DT000705,TRANPORT
21DT000706,TRANPORT
21DT000707,TRANPORT
21DT000708,TRANPORT
21DT000709,TRANPORT
21DT000710,TRANPORT
21DT000711,TRANPORT
21DT000732,TRANPORT
21DT000734,TRANPORT
21DT000735,TRANPORT
21DT000736,TRANPORT
21DT000737,TRANPORT
21DT000738,TRANPORT
21DT000747,TRANPORT
21DT000781,TRANPORT
21DT000782,TRANPORT
21DT000783,TRANPORT
21DT000797,TRANPORT
21DT000834,TRANPORT
21DT000835,TRANPORT
21DT000836,TRANPORT
21DT000845,TRANPORT
21DT000846,TRANPORT
21DT000847,TRANPORT
21DT000848,TRANPORT
21DT000849,TRANPORT
21DT000850,TRANPORT
21DT000851,TRANPORT
21DT000852,TRANPORT
21DT000853,TRANPORT
21DT000855,TRANPORT
21DT000856,TRANPORT
21DT000858,TRANPORT
21DT000859,TRANPORT
21DT000876,TRANPORT
21DT000877,TRANPORT
21DT000878,TRANPORT
21DT000879,TRANPORT
21DT000880,TRANPORT
21DT000881,TRANPORT
21DT000882,TRANPORT
21DT000883,TRANPORT
21DT000884,TRANPORT
21DT000885,TRANPORT
21DT000886,TRANPORT
21DT000887,TRANPORT
21DT000889,TRANPORT
21DT000890,TRANPORT
21DT000891,TRANPORT
21DT000892,TRANPORT
21DT000893,TRANPORT
21DT000894,TRANPORT
21DT000895,TRANPORT
21DT000896,TRANPORT
21DT000897,TRANPORT
21DT000903,TRANPORT
21DT000904,TRANPORT
21DT000905,TRANPORT
21DT000906,TRANPORT
21DT000907,TRANPORT
21DT000908,TRANPORT
21DT000909,TRANPORT
21DT000928,TRANPORT
21DT000929,TRANPORT
21DT000930,TRANPORT
21DT000932,TRANPORT
21DT000933,TRANPORT
21DT000934,TRANPORT
21DT000935,TRANPORT
21DT000936,TRANPORT
21DT000970,TRANPORT
21DT000971,TRANPORT
21DT000975,TRANPORT
21DT000993,TRANPORT
21DT000994,TRANPORT
21DT000995,TRANPORT
21DT000998,TRANPORT
21DT001004,TRANPORT
21DT001005,TRANPORT
21DT001006,TRANPORT
21DT001007,TRANPORT
21DT001008,TRANPORT
21DT001009,TRANPORT
21DT001010,TRANPORT
21DT001012,TRANPORT
21DT001014,TRANPORT
21DT001015,TRANPORT
21DT001016,TRANPORT
21DT001018,TRANPORT
21DT001019,TRANPORT
21DT001020,TRANPORT
21DT001021,TRANPORT
21DT001022,TRANPORT
21DT001023,TRANPORT
21DT001025,TRANPORT
21DT001027,TRANPORT
21DT001028,TRANPORT
21DT001029,TRANPORT
21DT001030,TRANPORT
21DT001031,TRANPORT
21DT001032,TRANPORT
21DT001033,TRANPORT
21DT001035,TRANPORT
21DT001036,TRANPORT
21DT001038,TRANPORT
21DT001039,TRANPORT
21DT001040,TRANPORT
21DT001041,TRANPORT
21DT001042,TRANPORT
21DT001043,TRANPORT
21DT001044,TRANPORT
21DT001045,TRANPORT
21DT001046,TRANPORT
21DT001047,TRANPORT
21DT001048,TRANPORT
21DT001049,TRANPORT
21DT001050,TRANPORT
21DT001051,TRANPORT
21DT001052,TRANPORT
21DT001053,TRANPORT
21DT001054,TRANPORT
21DT001055,TRANPORT
21DT001056,TRANPORT
21DT001057,TRANPORT
21DT001058,TRANPORT
21DT001059,TRANPORT
21DT001060,TRANPORT
21DT001061,TRANPORT
21DT001063,TRANPORT
21DT001064,TRANPORT
21DT001065,TRANPORT
21DT001066,TRANPORT
21DT001067,TRANPORT
21DT001068,TRANPORT
21DT001069,TRANPORT
21DT001070,TRANPORT
21DT001071,TRANPORT
21DT001072,TRANPORT
21DT001073,TRANPORT
21DT001074,TRANPORT
21DT001075,TRANPORT
21DT001076,TRANPORT
21DT001077,TRANPORT
21DT001078,TRANPORT
21DT001079,TRANPORT
21DT001080,TRANPORT
21DT001082,TRANPORT
21DT001083,TRANPORT
21DT001084,TRANPORT
21DT001085,TRANPORT
21DT001086,TRANPORT
21DT001087,TRANPORT
21DT001088,TRANPORT
21DT001089,TRANPORT
21DT001090,TRANPORT
21DT001091,TRANPORT
21DT001092,TRANPORT
21DT001093,TRANPORT
21DT001094,TRANPORT
21DT001095,TRANPORT
21DT001096,TRANPORT
21DT001097,TRANPORT
21DT001098,TRANPORT
21DT001099,TRANPORT
21DT001100,TRANPORT
21DT001101,TRANPORT
21DT001102,TRANPORT
21DT001103,TRANPORT
21DT001104,TRANPORT
21DT001105,TRANPORT
21DT001106,TRANPORT
21DT001107,TRANPORT
21DT001108,TRANPORT
21DT001109,TRANPORT
21DT001119,TRANPORT
21DT001120,TRANPORT
21DT001121,TRANPORT
21DT001122,TRANPORT
21DT001123,TRANPORT
21DT001124,TRANPORT
21DT001125,TRANPORT
21DT001126,TRANPORT
21DT001127,TRANPORT
21DT001132,TRANPORT
21DT001133,TRANPORT
21DT001156,TRANPORT
21DT001157,TRANPORT
21DT001158,TRANPORT
21DT001159,TRANPORT
21DT001161,TRANPORT
21DT001162,TRANPORT
21DT001163,TRANPORT
21DT001164,TRANPORT
21DT001165,TRANPORT
21DT001166,TRANPORT
21DT001167,TRANPORT
21DT001168,TRANPORT
21DT001169,TRANPORT
21DT001170,TRANPORT
21DT001171,TRANPORT
21DT001173,TRANPORT
21DT001174,TRANPORT
21DT001176,TRANPORT
21DT001177,TRANPORT
21DT001178,TRANPORT
21DT001179,TRANPORT
21DT001180,TRANPORT
21DT001181,TRANPORT
21DT001182,TRANPORT
21DT001183,TRANPORT
21DT001184,TRANPORT
21DT001185,TRANPORT
21DT001186,TRANPORT
21DT001187,TRANPORT
21DT001188,TRANPORT
21DT001189,TRANPORT
21DT001190,TRANPORT
21DT001191,TRANPORT
21DT001192,TRANPORT
21DT001193,TRANPORT
21DT001194,TRANPORT
21DT001195,TRANPORT
21DT001196,TRANPORT
21DT001197,TRANPORT
21DT001198,TRANPORT
21DT001199,TRANPORT
21DT001200,TRANPORT
21DT001201,TRANPORT
21DT001202,TRANPORT
21DT001203,TRANPORT
21DT001204,TRANPORT
21DT001205,TRANPORT
21DT001206,TRANPORT
21DT001207,TRANPORT
21DT001209,TRANPORT
21DT001229,TRANPORT
21DT001232,TRANPORT
21DT001233,TRANPORT
21DT001239,TRANPORT
21DT001240,TRANPORT
21DT001241,TRANPORT
21DT001242,TRANPORT
21DT001244,TRANPORT
21DT001245,TRANPORT
21DT001246,TRANPORT
21DT001257,TRANPORT
21DT001259,TRANPORT
21DT001260,TRANPORT
21DT001265,TRANPORT
21DT001271,TRANPORT
21DT001303,TRANPORT
21DT001304,TRANPORT
21DT001305,TRANPORT
21DT001306,TRANPORT
21DT001307,TRANPORT
21DT001323,TRANPORT
21DT001324,TRANPORT
21DT001325,TRANPORT
21DT001326,TRANPORT
21DT001327,TRANPORT
21DT001328,TRANPORT
21DT001329,TRANPORT
21DT001330,TRANPORT
21DT001331,TRANPORT
21DT001342,TRANPORT
21DT001343,TRANPORT
21DT001344,TRANPORT
21DT001345,TRANPORT
21DT001346,TRANPORT
21DT001347,TRANPORT
21DT001348,TRANPORT
21DT001349,TRANPORT
21DT001359,TRANPORT
21DT001360,TRANPORT
21DT001361,TRANPORT
21DT001362,TRANPORT
21DT001363,TRANPORT
21DT001364,TRANPORT
21DT001365,TRANPORT
21DT001371,TRANPORT
21DT001372,TRANPORT
21DT001373,TRANPORT
21DT001374,TRANPORT
21DT001389,TRANPORT
21DT001475,TRANPORT
21DT001476,TRANPORT
21DT001477,TRANPORT
21DT001478,TRANPORT
21DT001479,TRANPORT
21DT001484,TRANPORT
21DT001485,TRANPORT
21DT001486,TRANPORT
21DT001487,TRANPORT
21DT001488,TRANPORT
21DT001489,TRANPORT
21DT001490,TRANPORT
21DT001491,TRANPORT
21DT001493,TRANPORT
21DT001494,TRANPORT
21DT001509,TRANPORT
21DT001510,TRANPORT
21DT001511,TRANPORT
21DT001512,TRANPORT
21DT001515,TRANPORT
21DT001516,TRANPORT
21DT001517,TRANPORT
21DT001583,TRANPORT
21DT001638,TRANPORT
21DT001643,TRANPORT
21DT001644,TRANPORT
21DT001657,TRANPORT
21DT001658,TRANPORT
21DT001659,TRANPORT
21DT001846,TRANPORT
21DT001858,TRANPORT
21DT001859,TRANPORT
21DT001951,TRANPORT
21DT001952,TRANPORT
21DT001953,TRANPORT
21DT001954,TRANPORT
21DT001974,TRANPORT
21DT002120,TRANPORT
21DT002129,TRANPORT
21DT002543,TRANPORT
21DT002544,TRANPORT
21DT002672,TRANPORT
21DT002729,TRANPORT
21DT002730,TRANPORT
21DT002731,TRANPORT
21DT002747,TRANPORT
21DT002748,TRANPORT
21DT002749,TRANPORT
21DT002756,TRANPORT
21DT002757,TRANPORT
21DT002758,TRANPORT
21DT002759,TRANPORT
21DT002760,TRANPORT
21DT002765,TRANPORT
21DT002766,TRANPORT
21DT002767,TRANPORT
21DT002768,TRANPORT
21DT002769,TRANPORT
21DT002770,TRANPORT
21DT002771,TRANPORT
21DT002772,TRANPORT
21DT002773,TRANPORT
21DT002774,TRANPORT
21DT002775,TRANPORT
21DT002776,TRANPORT
21DT002777,TRANPORT
21DT002778,TRANPORT
21DT002779,TRANPORT
21DT002780,TRANPORT
21DT002781,TRANPORT
21DT002782,TRANPORT
21DT002783,TRANPORT
21DT002784,TRANPORT
21DT002785,TRANPORT
21DT002786,TRANPORT
21DT002787,TRANPORT
21DT002788,TRANPORT
21DT002789,TRANPORT
21DT002791,TRANPORT
21DT002792,TRANPORT
21DT002793,TRANPORT
21DT002794,TRANPORT
21DT002795,TRANPORT
21DT002796,TRANPORT
21DT002797,TRANPORT
21DT002798,TRANPORT
21DT002799,TRANPORT
21DT002800,TRANPORT
21DT002801,TRANPORT
21DT002802,TRANPORT
21DT002803,TRANPORT
21DT002804,TRANPORT
21DT002805,TRANPORT
21DT002831,TRANPORT
21DT002832,TRANPORT
21DT002833,TRANPORT
21DT002834,TRANPORT
21DT002968,TRANPORT
21DT002969,TRANPORT
21DT002970,TRANPORT
21DT002971,TRANPORT
21DT002972,TRANPORT
21DT002973,TRANPORT
21DT002974,TRANPORT
21DT002975,TRANPORT
21DT002976,TRANPORT
21DT002977,TRANPORT
21DT002978,TRANPORT
21DT002979,TRANPORT
21DT002980,TRANPORT
21DT002981,TRANPORT
21DT002982,TRANPORT
21DT002983,TRANPORT
21DT002984,TRANPORT
21DT002985,TRANPORT
21DT003048,TRANPORT
21DT003049,TRANPORT
21DT003050,TRANPORT
21DT003051,TRANPORT
21DT003052,TRANPORT
21DT003053,TRANPORT
21DT003371,TRANPORT
21DT003372,TRANPORT
22DT000545,TRANPORT
22DT000546,TRANPORT
22DT000547,TRANPORT
22DT000549,TRANPORT
22DT000550,TRANPORT
22DT000555,TRANPORT
22DT000556,TRANPORT
22DT000557,TRANPORT
22DT000558,TRANPORT
22DT000559,TRANPORT
22DT000560,TRANPORT
22DT000561,TRANPORT
22DT000562,TRANPORT
22DT000563,TRANPORT
22DT000565,TRANPORT
22DT000570,TRANPORT
22DT000571,TRANPORT
22DT000582,TRANPORT
22DT000583,TRANPORT
22DT000599,TRANPORT
22DT000600,TRANPORT
22DT000601,TRANPORT
22DT000602,TRANPORT
22DT000609,TRANPORT
22DT000610,TRANPORT
22DT000611,TRANPORT
22DT000612,TRANPORT
22DT000613,TRANPORT
22DT000615,TRANPORT
22DT000616,TRANPORT
22DT000617,TRANPORT
22DT000618,TRANPORT
22DT000619,TRANPORT
22DT000620,TRANPORT
22DT000621,TRANPORT
22DT000622,TRANPORT
22DT000623,TRANPORT
22DT000624,TRANPORT
22DT000625,TRANPORT
22DT000626,TRANPORT
22DT000629,TRANPORT
22DT000630,TRANPORT
22DT000657,TRANPORT
22DT000658,TRANPORT
22DT000659,TRANPORT
22DT000660,TRANPORT
22DT000661,TRANPORT
22DT000663,TRANPORT
22DT000664,TRANPORT
22DT000667,TRANPORT
22DT000672,TRANPORT
22DT000673,TRANPORT
22DT000674,TRANPORT
22DT000675,TRANPORT
22DT000676,TRANPORT
22DT000678,TRANPORT
22DT000679,TRANPORT
22DT000680,TRANPORT
22DT000681,TRANPORT
22DT000692,TRANPORT
22DT000694,TRANPORT
22DT000695,TRANPORT
22DT000696,TRANPORT
22DT000697,TRANPORT
22DT000698,TRANPORT
22DT000700,TRANPORT
22DT000701,TRANPORT
22DT000702,TRANPORT
22DT000711,TRANPORT
22DT000712,TRANPORT
22DT000713,TRANPORT
22DT000714,TRANPORT
22DT000715,TRANPORT
22DT000726,TRANPORT
22DT000755,TRANPORT
22DT000756,TRANPORT
22DT000757,TRANPORT
22DT000758,TRANPORT
22DT000768,TRANPORT
22DT000769,TRANPORT
22DT000770,TRANPORT
22DT000771,TRANPORT
22DT000772,TRANPORT
22DT000773,TRANPORT
22DT000774,TRANPORT
22DT000775,TRANPORT
22DT000776,TRANPORT
22DT000793,TRANPORT
22DT000803,TRANPORT
22DT000804,TRANPORT
22DT000815,TRANPORT
22DT000820,TRANPORT
22DT000821,TRANPORT
22DT000822,TRANPORT
22DT000823,TRANPORT
22DT000824,TRANPORT
22DT000825,TRANPORT
22DT000826,TRANPORT
22DT000827,TRANPORT
22DT000828,TRANPORT
22DT000829,TRANPORT
22DT000836,TRANPORT
22DT000837,TRANPORT
22DT000838,TRANPORT
22DT000839,TRANPORT
22DT000840,TRANPORT
22DT000841,TRANPORT
22DT000842,TRANPORT
22DT000843,TRANPORT
22DT000846,TRANPORT
22DT000847,TRANPORT
22DT000848,TRANPORT
22DT000849,TRANPORT
22DT000850,TRANPORT
22DT000851,TRANPORT
22DT000852,TRANPORT
22DT000893,TRANPORT
22DT000894,TRANPORT
22DT000899,TRANPORT
22DT000900,TRANPORT
22DT000904,TRANPORT
22DT000905,TRANPORT
22DT000906,TRANPORT
22DT000912,TRANPORT
22DT000917,TRANPORT
22DT000929,TRANPORT
22DT000944,TRANPORT
22DT000946,TRANPORT
22DT000947,TRANPORT
22DT000948,TRANPORT
22DT000950,TRANPORT
22DT000952,TRANPORT
22DT000953,TRANPORT
22DT000954,TRANPORT
22DT000956,TRANPORT
22DT000957,TRANPORT
22DT000958,TRANPORT
22DT000959,TRANPORT
22DT000960,TRANPORT
22DT000961,TRANPORT
22DT000962,TRANPORT
22DT000963,TRANPORT
22DT000964,TRANPORT
22DT000965,TRANPORT
22DT000966,TRANPORT
22DT000967,TRANPORT
22DT000968,TRANPORT
22DT000969,TRANPORT
22DT000971,TRANPORT
22DT000973,TRANPORT
22DT000974,TRANPORT
22DT000975,TRANPORT
22DT000976,TRANPORT
22DT000977,TRANPORT
22DT000979,TRANPORT
22DT000982,TRANPORT
22DT000983,TRANPORT
22DT000984,TRANPORT
22DT000985,TRANPORT
22DT000986,TRANPORT
22DT000987,TRANPORT
22DT000991,TRANPORT
22DT000992,TRANPORT
22DT000993,TRANPORT
22DT000994,TRANPORT
22DT000996,TRANPORT
22DT000997,TRANPORT
22DT000998,TRANPORT
22DT000999,TRANPORT
22DT001000,TRANPORT
22DT001001,TRANPORT
22DT001002,TRANPORT
22DT001003,TRANPORT
22DT001004,TRANPORT
22DT001005,TRANPORT
22DT001012,TRANPORT
22DT001014,TRANPORT
22DT001016,TRANPORT
22DT001017,TRANPORT
22DT001019,TRANPORT
22DT001020,TRANPORT
22DT001036,TRANPORT
22DT001037,TRANPORT
22DT001041,TRANPORT
22DT001042,TRANPORT
22DT001043,TRANPORT
22DT001044,TRANPORT
22DT001045,TRANPORT
22DT001046,TRANPORT
22DT001047,TRANPORT
22DT001051,TRANPORT
22DT001054,TRANPORT
22DT001065,TRANPORT
22DT001067,TRANPORT
22DT001068,TRANPORT
22DT001069,TRANPORT
22DT001070,TRANPORT
22DT001071,TRANPORT
22DT001072,TRANPORT
22DT001073,TRANPORT
22DT001074,TRANPORT
22DT001075,TRANPORT
22DT001077,TRANPORT
22DT001079,TRANPORT
22DT001080,TRANPORT
22DT001081,TRANPORT
22DT001083,TRANPORT
22DT001084,TRANPORT
22DT001085,TRANPORT
22DT001087,TRANPORT
22DT001088,TRANPORT
22DT001089,TRANPORT
22DT001090,TRANPORT
22DT001091,TRANPORT
22DT001092,TRANPORT
22DT001093,TRANPORT
22DT001094,TRANPORT
22DT001095,TRANPORT
22DT001096,TRANPORT
22DT001097,TRANPORT
22DT001098,TRANPORT
22DT001099,TRANPORT
22DT001100,TRANPORT
22DT001105,TRANPORT
22DT001107,TRANPORT
22DT001108,TRANPORT
22DT001109,TRANPORT
22DT001110,TRANPORT
22DT001111,TRANPORT
22DT001115,TRANPORT
22DT001116,TRANPORT
22DT001119,TRANPORT
22DT001120,TRANPORT
22DT001121,TRANPORT
22DT001124,TRANPORT
22DT001125,TRANPORT
22DT001126,TRANPORT
22DT001127,TRANPORT
22DT001128,TRANPORT
22DT001129,TRANPORT
22DT001130,TRANPORT
22DT001131,TRANPORT
22DT001132,TRANPORT
22DT001133,TRANPORT
22DT001134,TRANPORT
22DT001135,TRANPORT
22DT001136,TRANPORT
22DT001137,TRANPORT
22DT001138,TRANPORT
22DT001139,TRANPORT
22DT001140,TRANPORT
22DT001141,TRANPORT
22DT001142,TRANPORT
22DT001143,TRANPORT
22DT001144,TRANPORT
22DT001145,TRANPORT
22DT001146,TRANPORT
22DT001147,TRANPORT
22DT001148,TRANPORT
22DT001149,TRANPORT
22DT001150,TRANPORT
22DT001151,TRANPORT
22DT001152,TRANPORT
22DT001154,TRANPORT
22DT001155,TRANPORT
22DT001156,TRANPORT
22DT001157,TRANPORT
22DT001158,TRANPORT
22DT001159,TRANPORT
22DT001160,TRANPORT
22DT001161,TRANPORT
22DT001165,TRANPORT
22DT001169,TRANPORT
22DT001170,TRANPORT
22DT001171,TRANPORT
22DT001172,TRANPORT
22DT001173,TRANPORT
22DT001174,TRANPORT
22DT001175,TRANPORT
22DT001176,TRANPORT
22DT001177,TRANPORT
22DT001178,TRANPORT
22DT001180,TRANPORT
22DT001181,TRANPORT
22DT001182,TRANPORT
22DT001183,TRANPORT
22DT001184,TRANPORT
22DT001185,TRANPORT
22DT001186,TRANPORT
22DT001187,TRANPORT
22DT001188,TRANPORT
22DT001189,TRANPORT
22DT001190,TRANPORT
22DT001191,TRANPORT
22DT001192,TRANPORT
22DT001198,TRANPORT
22DT001199,TRANPORT
22DT001201,TRANPORT
22DT001202,TRANPORT
22DT001204,TRANPORT
22DT001206,TRANPORT
22DT001207,TRANPORT
22DT001208,TRANPORT
22DT001209,TRANPORT
22DT001210,TRANPORT
22DT001211,TRANPORT
22DT001212,TRANPORT
22DT001213,TRANPORT
22DT001214,TRANPORT
22DT001215,TRANPORT
22DT001217,TRANPORT
22DT001221,TRANPORT
22DT001222,TRANPORT
22DT001223,TRANPORT
22DT001224,TRANPORT
22DT001225,TRANPORT
22DT001226,TRANPORT
22DT001227,TRANPORT
22DT001228,TRANPORT
22DT001229,TRANPORT
22DT001230,TRANPORT
22DT001231,TRANPORT
22DT001232,TRANPORT
22DT001233,TRANPORT
22DT001235,TRANPORT
22DT001236,TRANPORT
22DT001254,TRANPORT
22DT001257,TRANPORT
22DT001258,TRANPORT
22DT001259,TRANPORT
22DT001260,TRANPORT
22DT001261,TRANPORT
22DT001262,TRANPORT
22DT001263,TRANPORT
22DT001274,TRANPORT
22DT001276,TRANPORT
22DT001278,TRANPORT
22DT001279,TRANPORT
22DT001282,TRANPORT
22DT001283,TRANPORT
22DT001284,TRANPORT
22DT001285,TRANPORT
22DT001286,TRANPORT
22DT001287,TRANPORT
22DT001303,TRANPORT
22DT001304,TRANPORT
22DT001305,TRANPORT
22DT001306,TRANPORT
22DT001307,TRANPORT
22DT001308,TRANPORT
22DT001309,TRANPORT
22DT001311,TRANPORT
22DT001312,TRANPORT
22DT001313,TRANPORT
22DT001315,TRANPORT
22DT001316,TRANPORT
22DT001317,TRANPORT
22DT001320,TRANPORT
22DT001321,TRANPORT
22DT001322,TRANPORT
22DT001323,TRANPORT
22DT001328,TRANPORT
22DT001329,TRANPORT
22DT001330,TRANPORT
22DT001331,TRANPORT
22DT001333,TRANPORT
22DT001342,TRANPORT
22DT001343,TRANPORT
22DT001344,TRANPORT
22DT001345,TRANPORT
22DT001346,TRANPORT
22DT001347,TRANPORT
22DT001349,TRANPORT
22DT001352,TRANPORT
22DT001353,TRANPORT
22DT001354,TRANPORT
22DT001355,TRANPORT
22DT001356,TRANPORT
22DT001359,TRANPORT
22DT001360,TRANPORT
22DT001361,TRANPORT
22DT001362,TRANPORT
22DT001363,TRANPORT
22DT001364,TRANPORT
22DT001365,TRANPORT
22DT001367,TRANPORT
22DT001368,TRANPORT
22DT001376,TRANPORT
22DT001378,TRANPORT
22DT001380,TRANPORT
22DT001381,TRANPORT
22DT001382,TRANPORT
22DT001387,TRANPORT
22DT001388,TRANPORT
22DT001389,TRANPORT
22DT001390,TRANPORT
22DT001394,TRANPORT
22DT001395,TRANPORT
22DT001396,TRANPORT
22DT001397,TRANPORT
22DT001401,TRANPORT
22DT001402,TRANPORT
22DT001403,TRANPORT
22DT001404,TRANPORT
22DT001405,TRANPORT
22DT001406,TRANPORT
22DT001407,TRANPORT
22DT001408,TRANPORT
22DT001411,TRANPORT
22DT001412,TRANPORT
22DT001413,TRANPORT
22DT001414,TRANPORT
22DT001423,TRANPORT
22DT001424,TRANPORT
22DT001478,TRANPORT
22DT001479,TRANPORT
22DT001480,TRANPORT
22DT001481,TRANPORT
22DT001482,TRANPORT
22DT001483,TRANPORT
22DT001484,TRANPORT
22DT001485,TRANPORT
22DT001487,TRANPORT
22DT001490,TRANPORT
22DT001493,TRANPORT
22DT001496,TRANPORT
22DT001506,TRANPORT
22DT001521,TRANPORT
22DT001522,TRANPORT
22DT001523,TRANPORT
22DT001524,TRANPORT
22DT001525,TRANPORT
22DT001527,TRANPORT
22DT001530,TRANPORT
22DT001531,TRANPORT
22DT001533,TRANPORT
22DT001549,TRANPORT
22DT001556,TRANPORT
22DT001557,TRANPORT
22DT001558,TRANPORT
22DT001559,TRANPORT
22DT001560,TRANPORT
22DT001561,TRANPORT
22DT001562,TRANPORT
22DT001563,TRANPORT
22DT001564,TRANPORT
22DT001565,TRANPORT
22DT001566,TRANPORT
22DT001567,TRANPORT
22DT001568,TRANPORT
22DT001569,TRANPORT
22DT001570,TRANPORT
22DT001571,TRANPORT
22DT001572,TRANPORT
22DT001573,TRANPORT
22DT001574,TRANPORT
22DT001575,TRANPORT
22DT001576,TRANPORT
22DT001577,TRANPORT
22DT001578,TRANPORT
22DT001589,TRANPORT
22DT001590,TRANPORT
22DT001591,TRANPORT
22DT001592,TRANPORT
22DT001593,TRANPORT
22DT001594,TRANPORT
22DT001606,TRANPORT
22DT001627,TRANPORT
22DT001629,TRANPORT
22DT001630,TRANPORT
22DT001750,TRANPORT
22DT001815,TRANPORT
22DT001816,TRANPORT
22DT001817,TRANPORT
22DT001818,TRANPORT
22DT001819,TRANPORT
22DT001820,TRANPORT
22DT001821,TRANPORT
22DT001822,TRANPORT
22DT001823,TRANPORT
22DT001858,TRANPORT
22DT002247,TRANPORT
22DT003307,TRANPORT
22DT003519,TRANPORT
22DT004351,TRANPORT
22DT005530,TRANPORT
22DT005980,TRANPORT
23DT000043,TRANPORT
23DT000087,TRANPORT
23DT000147,TRANPORT
23DT000148,TRANPORT
23DT000149,TRANPORT
23DT000243,TRANPORT
23DT000411,TRANPORT
23DT000412,TRANPORT
23DT000415,TRANPORT
23DT000416,TRANPORT
23DT000417,TRANPORT
23DT000418,TRANPORT
23DT000422,TRANPORT
23DT000423,TRANPORT
23DT000429,TRANPORT
23DT000430,TRANPORT
23DT000431,TRANPORT
23DT000432,TRANPORT
23DT000433,TRANPORT
23DT000434,TRANPORT
23DT000436,TRANPORT
23DT000437,TRANPORT
23DT000438,TRANPORT
23DT000439,TRANPORT
23DT000440,TRANPORT
23DT000449,TRANPORT
23DT000450,TRANPORT
23DT000451,TRANPORT
23DT000452,TRANPORT
23DT000453,TRANPORT
23DT000454,TRANPORT
23DT000455,TRANPORT
23DT000456,TRANPORT
23DT000457,TRANPORT
23DT000464,TRANPORT
23DT000466,TRANPORT
23DT000467,TRANPORT
23DT000477,TRANPORT
23DT000478,TRANPORT
23DT000479,TRANPORT
23DT000483,TRANPORT
23DT000493,TRANPORT
23DT000495,TRANPORT
23DT000499,TRANPORT
23DT000500,TRANPORT
23DT000501,TRANPORT
23DT000502,TRANPORT
23DT000503,TRANPORT
23DT000504,TRANPORT
23DT000505,TRANPORT
23DT000526,TRANPORT
23DT000535,TRANPORT
23DT000537,TRANPORT
23DT000559,TRANPORT
23DT000560,TRANPORT
23DT000561,TRANPORT
23DT000562,TRANPORT
23DT000563,TRANPORT
23DT000564,TRANPORT
23DT000573,TRANPORT
23DT000578,TRANPORT
23DT000580,TRANPORT
23DT000581,TRANPORT
23DT000582,TRANPORT
23DT000583,TRANPORT
23DT000584,TRANPORT
23DT000585,TRANPORT
23DT000586,TRANPORT
23DT000596,TRANPORT
23DT000621,TRANPORT
23DT000625,TRANPORT
23DT000630,TRANPORT
23DT000663,TRANPORT
23DT000667,TRANPORT
23DT000668,TRANPORT
23DT000669,TRANPORT
23DT000940,TRANPORT
23DT000956,TRANPORT
